08/01/20,00:00,16.6
07/31/20,23:00,16.5
07/31/20,22:00,15.6
07/31/20,21:00,17.1
07/31/20,20:00,17.4
07/31/20,19:00,17.8
07/31/20,18:00,18.2
07/31/20,17:00,18.6
07/31/20,16:00,18.5
07/31/20,15:00,18.9
07/31/20,14:00,19.8
07/31/20,13:00,20.4
07/31/20,12:00,20.3
07/31/20,11:00,20.1
07/31/20,10:00,21.6
07/31/20,09:00,21.1
07/31/20,08:00,18.4
07/31/20,07:00,16.7
07/31/20,06:00,17
07/31/20,05:00,16.4
07/31/20,04:00,16.9
07/31/20,03:00,17
07/31/20,02:00,18.2
07/31/20,01:00,16.5
07/31/20,00:00,16.5
08/02/20,00:00,14.1
08/01/20,23:00,13.1
08/01/20,22:00,13.2
08/01/20,21:00,15.5
08/01/20,20:00,16.2
08/01/20,19:00,16.9
08/01/20,18:00,17
08/01/20,17:00,17.9
08/01/20,16:00,19.1
08/01/20,15:00,19.4
08/01/20,14:00,19.3
08/01/20,13:00,20.2
08/01/20,12:00,19.5
08/01/20,11:00,19.1
08/01/20,10:00,18.3
08/01/20,09:00,18.6
08/01/20,08:00,18.3
08/01/20,07:00,17
08/01/20,06:00,16.7
08/01/20,05:00,16.7
08/01/20,04:00,16.3
08/01/20,03:00,16.5
08/01/20,02:00,16.7
08/01/20,01:00,16.6
08/01/20,00:00,16.6
08/03/20,00:00,13.9
08/02/20,23:00,13.7
08/02/20,22:00,13.6
08/02/20,21:00,13.7
08/02/20,20:00,15.4
08/02/20,19:00,16.8
08/02/20,18:00,18
08/02/20,17:00,18.6
08/02/20,16:00,18.8
08/02/20,15:00,19
08/02/20,14:00,20.1
08/02/20,13:00,19.1
08/02/20,12:00,19.1
08/02/20,11:00,19.4
08/02/20,10:00,18.2
08/02/20,09:00,17.3
08/02/20,08:00,17
08/02/20,07:00,16
08/02/20,06:00,14.3
08/02/20,05:00,13.7
08/02/20,04:00,13.1
08/02/20,03:00,13.9
08/02/20,02:00,12.9
08/02/20,01:00,14
08/02/20,00:00,14.1
08/04/20,00:00,8.2
08/03/20,23:00,9.3
08/03/20,22:00,10.4
08/03/20,21:00,11
08/03/20,20:00,13.9
08/03/20,19:00,16.1
08/03/20,18:00,16.8
08/03/20,17:00,18.1
08/03/20,16:00,19.1
08/03/20,15:00,18.9
08/03/20,14:00,18.4
08/03/20,13:00,18.8
08/03/20,12:00,20.1
08/03/20,11:00,19.8
08/03/20,10:00,18.2
08/03/20,09:00,18.8
08/03/20,08:00,16.8
08/03/20,07:00,15.4
08/03/20,06:00,13.2
08/03/20,05:00,11.3
08/03/20,04:00,12.6
08/03/20,03:00,13.5
08/03/20,02:00,13.4
08/03/20,01:00,13.8
08/03/20,00:00,13.9
08/05/20,00:00,14.8
08/04/20,23:00,15
08/04/20,22:00,14.8
08/04/20,21:00,15.1
08/04/20,20:00,15.8
08/04/20,19:00,17.2
08/04/20,18:00,18.2
08/04/20,17:00,18.8
08/04/20,16:00,19.6
08/04/20,15:00,20.2
08/04/20,14:00,20.3
08/04/20,13:00,20.1
08/04/20,12:00,20.1
08/04/20,11:00,19.5
08/04/20,10:00,18.8
08/04/20,09:00,17.5
08/04/20,08:00,16.2
08/04/20,07:00,14.3
08/04/20,06:00,10.3
08/04/20,05:00,8
08/04/20,04:00,8
08/04/20,03:00,8.5
08/04/20,02:00,7.9
08/04/20,01:00,8.6
08/04/20,00:00,8.2
08/06/20,00:00,18.4
08/05/20,23:00,18.3
08/05/20,22:00,18.8
08/05/20,21:00,19.1
08/05/20,20:00,19.3
08/05/20,19:00,19.6
08/05/20,18:00,20.1
08/05/20,17:00,20.7
08/05/20,16:00,22.4
08/05/20,15:00,22.1
08/05/20,14:00,22.2
08/05/20,13:00,22.1
08/05/20,12:00,22.3
08/05/20,11:00,21.5
08/05/20,10:00,21
08/05/20,09:00,19.9
08/05/20,08:00,19.6
08/05/20,07:00,17.8
08/05/20,06:00,15.8
08/05/20,05:00,15.2
08/05/20,04:00,15.2
08/05/20,03:00,15.1
08/05/20,02:00,15.2
08/05/20,01:00,15.1
08/05/20,00:00,14.8
08/07/20,00:00,15.6
08/06/20,23:00,16.3
08/06/20,22:00,16.9
08/06/20,21:00,17.4
08/06/20,20:00,19
08/06/20,19:00,21.8
08/06/20,18:00,24.3
08/06/20,17:00,26.4
08/06/20,16:00,26.4
08/06/20,15:00,26.1
08/06/20,14:00,25.8
08/06/20,13:00,25.4
08/06/20,12:00,24.6
08/06/20,11:00,23.5
08/06/20,10:00,23
08/06/20,09:00,20.9
08/06/20,08:00,19.3
08/06/20,07:00,19.2
08/06/20,06:00,18.4
08/06/20,05:00,18.2
08/06/20,04:00,18.2
08/06/20,03:00,18.5
08/06/20,02:00,18.5
08/06/20,01:00,18.5
08/06/20,00:00,18.4
08/08/20,00:00,17.2
08/07/20,23:00,17.1
08/07/20,22:00,17.4
08/07/20,21:00,17.7
08/07/20,20:00,17.9
08/07/20,19:00,19.1
08/07/20,18:00,20.6
08/07/20,17:00,22.5
08/07/20,16:00,22.6
08/07/20,15:00,21.5
08/07/20,14:00,22.7
08/07/20,13:00,23.9
08/07/20,12:00,23.9
08/07/20,11:00,20.8
08/07/20,10:00,19.6
08/07/20,09:00,18.5
08/07/20,08:00,18.1
08/07/20,07:00,17.1
08/07/20,06:00,14.9
08/07/20,05:00,14.8
08/07/20,04:00,13.7
08/07/20,03:00,14.8
08/07/20,02:00,14.3
08/07/20,01:00,14.7
08/07/20,00:00,15.6
08/09/20,00:00,16
08/08/20,23:00,16.1
08/08/20,22:00,16
08/08/20,21:00,16.2
08/08/20,20:00,16.3
08/08/20,19:00,18.3
08/08/20,18:00,19.7
08/08/20,17:00,21.4
08/08/20,16:00,22.2
08/08/20,15:00,22.7
08/08/20,14:00,22.9
08/08/20,13:00,22.6
08/08/20,12:00,21.9
08/08/20,11:00,21.5
08/08/20,10:00,18.9
08/08/20,09:00,16.6
08/08/20,08:00,16.1
08/08/20,07:00,16
08/08/20,06:00,16
08/08/20,05:00,16.1
08/08/20,04:00,16.1
08/08/20,03:00,16
08/08/20,02:00,16.1
08/08/20,01:00,16.7
08/08/20,00:00,17.2
08/10/20,00:00,17.3
08/09/20,23:00,17.3
08/09/20,22:00,17.1
08/09/20,21:00,17
08/09/20,20:00,17
08/09/20,19:00,18
08/09/20,18:00,19.8
08/09/20,17:00,21.8
08/09/20,16:00,22.8
08/09/20,15:00,23.3
08/09/20,14:00,24
08/09/20,13:00,24.2
08/09/20,12:00,23.5
08/09/20,11:00,22.5
08/09/20,10:00,20.1
08/09/20,09:00,18.3
08/09/20,08:00,16.9
08/09/20,07:00,16
08/09/20,06:00,15.6
08/09/20,05:00,15.2
08/09/20,04:00,15.4
08/09/20,03:00,15.7
08/09/20,02:00,15.8
08/09/20,01:00,15.9
08/09/20,00:00,16
08/11/20,00:00,17.4
08/10/20,23:00,17.5
08/10/20,22:00,17.5
08/10/20,21:00,17.7
08/10/20,20:00,18.6
08/10/20,19:00,21
08/10/20,18:00,21.7
08/10/20,17:00,21.8
08/10/20,16:00,23.1
08/10/20,15:00,23.4
08/10/20,14:00,23.8
08/10/20,13:00,23.9
08/10/20,12:00,23.4
08/10/20,11:00,22.7
08/10/20,10:00,21.1
08/10/20,09:00,18.3
08/10/20,08:00,17.4
08/10/20,07:00,17.1
08/10/20,06:00,16.9
08/10/20,05:00,16.9
08/10/20,04:00,16.9
08/10/20,03:00,17
08/10/20,02:00,17.2
08/10/20,01:00,17.3
08/10/20,00:00,17.3
08/12/20,00:00,17.9
08/11/20,23:00,17.7
08/11/20,22:00,18.2
08/11/20,21:00,18.8
08/11/20,20:00,19
08/11/20,19:00,19.5
08/11/20,18:00,21.4
08/11/20,17:00,23.2
08/11/20,16:00,23.7
08/11/20,15:00,24.5
08/11/20,14:00,25.6
08/11/20,13:00,25.9
08/11/20,12:00,25.5
08/11/20,11:00,24.9
08/11/20,10:00,23
08/11/20,09:00,21.3
08/11/20,08:00,18.9
08/11/20,07:00,18.8
08/11/20,06:00,18.2
08/11/20,05:00,18
08/11/20,04:00,17.9
08/11/20,03:00,17.9
08/11/20,02:00,17.5
08/11/20,01:00,17.3
08/11/20,00:00,17.4
08/13/20,00:00,18
08/12/20,23:00,18
08/12/20,22:00,18.3
08/12/20,21:00,18.6
08/12/20,20:00,18.9
08/12/20,19:00,19.3
08/12/20,18:00,19.4
08/12/20,17:00,20.6
08/12/20,16:00,21.2
08/12/20,15:00,22.2
08/12/20,14:00,23.7
08/12/20,13:00,25.1
08/12/20,12:00,24.8
08/12/20,11:00,22
08/12/20,10:00,21.3
08/12/20,09:00,19.5
08/12/20,08:00,18.2
08/12/20,07:00,17.7
08/12/20,06:00,17.4
08/12/20,05:00,17.8
08/12/20,04:00,17.7
08/12/20,03:00,17.4
08/12/20,02:00,17.7
08/12/20,01:00,17.8
08/12/20,00:00,17.9
08/14/20,00:00,16.8
08/13/20,23:00,17
08/13/20,22:00,17.1
08/13/20,21:00,17.3
08/13/20,20:00,17.4
08/13/20,19:00,17.6
08/13/20,18:00,17.9
08/13/20,17:00,19.1
08/13/20,16:00,20.1
08/13/20,15:00,21.8
08/13/20,14:00,20.4
08/13/20,13:00,21.2
08/13/20,12:00,21.8
08/13/20,11:00,20.9
08/13/20,10:00,19.8
08/13/20,09:00,19.1
08/13/20,08:00,18.4
08/13/20,07:00,17.9
08/13/20,06:00,17.5
08/13/20,05:00,17.3
08/13/20,04:00,17.7
08/13/20,03:00,17.9
08/13/20,02:00,17.9
08/13/20,01:00,17.8
08/13/20,00:00,18
08/15/20,00:00,12.9
08/14/20,23:00,13.1
08/14/20,22:00,13.4
08/14/20,21:00,15
08/14/20,20:00,16.8
08/14/20,19:00,18.3
08/14/20,18:00,19.6
08/14/20,17:00,21
08/14/20,16:00,22.3
08/14/20,15:00,23.1
08/14/20,14:00,22.8
08/14/20,13:00,21.5
08/14/20,12:00,21.5
08/14/20,11:00,21
08/14/20,10:00,19.8
08/14/20,09:00,19.1
08/14/20,08:00,17.6
08/14/20,07:00,16.2
08/14/20,06:00,14.9
08/14/20,05:00,15.3
08/14/20,04:00,15.6
08/14/20,03:00,16.1
08/14/20,02:00,16.4
08/14/20,01:00,16.5
08/14/20,00:00,16.8
08/16/20,00:00,15.7
08/15/20,23:00,14.9
08/15/20,22:00,14.7
08/15/20,21:00,16.1
08/15/20,20:00,16.7
08/15/20,19:00,16.9
08/15/20,18:00,17.5
08/15/20,17:00,19.7
08/15/20,16:00,20
08/15/20,15:00,20.8
08/15/20,14:00,20.4
08/15/20,13:00,22.5
08/15/20,12:00,23
08/15/20,11:00,23.3
08/15/20,10:00,21.5
08/15/20,09:00,20.2
08/15/20,08:00,16.5
08/15/20,07:00,15.6
08/15/20,06:00,15.4
08/15/20,05:00,15.5
08/15/20,04:00,15.6
08/15/20,03:00,15.6
08/15/20,02:00,13.8
08/15/20,01:00,14.4
08/15/20,00:00,12.9
08/17/20,00:00,13
08/16/20,23:00,13.6
08/16/20,22:00,14.8
08/16/20,21:00,16
08/16/20,20:00,16.2
08/16/20,19:00,17.3
08/16/20,18:00,19.4
08/16/20,17:00,21.4
08/16/20,16:00,20.3
08/16/20,15:00,21.3
08/16/20,14:00,21.3
08/16/20,13:00,21.2
08/16/20,12:00,20
08/16/20,11:00,19.6
08/16/20,10:00,17.8
08/16/20,09:00,17.9
08/16/20,08:00,16.5
08/16/20,07:00,14.8
08/16/20,06:00,14.4
08/16/20,05:00,14.1
08/16/20,04:00,13.8
08/16/20,03:00,13.8
08/16/20,02:00,14
08/16/20,01:00,15.3
08/16/20,00:00,15.7
08/18/20,00:00,17.2
08/17/20,23:00,17
08/17/20,22:00,16.4
08/17/20,21:00,16.7
08/17/20,20:00,17.3
08/17/20,19:00,18
08/17/20,18:00,18.4
08/17/20,17:00,19.9
08/17/20,16:00,20
08/17/20,15:00,21.6
08/17/20,14:00,20.4
08/17/20,13:00,20.6
08/17/20,12:00,20.4
08/17/20,11:00,20.1
08/17/20,10:00,19.8
08/17/20,09:00,18.8
08/17/20,08:00,16.8
08/17/20,07:00,15.9
08/17/20,06:00,15.7
08/17/20,05:00,15.4
08/17/20,04:00,13.9
08/17/20,03:00,13.4
08/17/20,02:00,12.4
08/17/20,01:00,12.5
08/17/20,00:00,13
08/19/20,00:00,19.3
08/18/20,23:00,19.3
08/18/20,22:00,19.2
08/18/20,21:00,18.9
08/18/20,20:00,19.5
08/18/20,19:00,19.8
08/18/20,18:00,20.6
08/18/20,17:00,22.1
08/18/20,16:00,21.6
08/18/20,15:00,22.2
08/18/20,14:00,23.2
08/18/20,13:00,23
08/18/20,12:00,22.3
08/18/20,11:00,21.7
08/18/20,10:00,21.8
08/18/20,09:00,20.1
08/18/20,08:00,19.2
08/18/20,07:00,18.5
08/18/20,06:00,17.8
08/18/20,05:00,17.8
08/18/20,04:00,17.9
08/18/20,03:00,17.9
08/18/20,02:00,17.8
08/18/20,01:00,17.7
08/18/20,00:00,17.2
08/20/20,00:00,16.1
08/19/20,23:00,17
08/19/20,22:00,17.2
08/19/20,21:00,18.1
08/19/20,20:00,19.6
08/19/20,19:00,20.3
08/19/20,18:00,19.9
08/19/20,17:00,19.8
08/19/20,16:00,19.6
08/19/20,15:00,19.9
08/19/20,14:00,19.3
08/19/20,13:00,19.4
08/19/20,12:00,20.1
08/19/20,11:00,19.8
08/19/20,10:00,19.6
08/19/20,09:00,19
08/19/20,08:00,18.7
08/19/20,07:00,18.6
08/19/20,06:00,18.6
08/19/20,05:00,18.5
08/19/20,04:00,18.2
08/19/20,03:00,18.2
08/19/20,02:00,18.7
08/19/20,01:00,19.3
08/19/20,00:00,19.3
08/21/20,00:00,18.1
08/20/20,23:00,18.9
08/20/20,22:00,18.6
08/20/20,21:00,18
08/20/20,20:00,17.8
08/20/20,19:00,18.2
08/20/20,18:00,19.2
08/20/20,17:00,19.5
08/20/20,16:00,20.7
08/20/20,15:00,21.5
08/20/20,14:00,21.4
08/20/20,13:00,21.5
08/20/20,12:00,21.3
08/20/20,11:00,20.2
08/20/20,10:00,19.3
08/20/20,09:00,19.1
08/20/20,08:00,18.2
08/20/20,07:00,16.4
08/20/20,06:00,13.8
08/20/20,05:00,13.9
08/20/20,04:00,14.3
08/20/20,03:00,14.3
08/20/20,02:00,14.4
08/20/20,01:00,15.1
08/20/20,00:00,16.1
08/22/20,00:00,16.9
08/21/20,23:00,16.9
08/21/20,22:00,16.7
08/21/20,21:00,17
08/21/20,20:00,17
08/21/20,19:00,17.5
08/21/20,18:00,18.3
08/21/20,17:00,18.2
08/21/20,16:00,19.1
08/21/20,15:00,19.4
08/21/20,14:00,20.6
08/21/20,13:00,20.8
08/21/20,12:00,19.8
08/21/20,11:00,19.9
08/21/20,10:00,18.9
08/21/20,09:00,18.6
08/21/20,08:00,18
08/21/20,07:00,17
08/21/20,06:00,17.5
08/21/20,05:00,17.3
08/21/20,04:00,17.7
08/21/20,03:00,17.8
08/21/20,02:00,17.6
08/21/20,01:00,17.2
08/21/20,00:00,18.1
08/23/20,00:00,14.4
08/22/20,23:00,14.1
08/22/20,22:00,14.9
08/22/20,21:00,13.9
08/22/20,20:00,15.6
08/22/20,19:00,16.4
08/22/20,18:00,17.8
08/22/20,17:00,18.2
08/22/20,16:00,18.6
08/22/20,15:00,18.7
08/22/20,14:00,18.9
08/22/20,13:00,19.4
08/22/20,12:00,19.2
08/22/20,11:00,19.1
08/22/20,10:00,19
08/22/20,09:00,18.6
08/22/20,08:00,18.1
08/22/20,07:00,16.8
08/22/20,06:00,16.5
08/22/20,05:00,16.3
08/22/20,04:00,16.4
08/22/20,03:00,16.8
08/22/20,02:00,16.6
08/22/20,01:00,17
08/22/20,00:00,16.9
08/24/20,00:00,15.6
08/23/20,23:00,15.3
08/23/20,22:00,14.9
08/23/20,21:00,13.6
08/23/20,20:00,14.7
08/23/20,19:00,16.1
08/23/20,18:00,17.3
08/23/20,17:00,17.8
08/23/20,16:00,18.4
08/23/20,15:00,18.4
08/23/20,14:00,19.1
08/23/20,13:00,20
08/23/20,12:00,19.1
08/23/20,11:00,19.3
08/23/20,10:00,18.1
08/23/20,09:00,18.1
08/23/20,08:00,16.3
08/23/20,07:00,15.2
08/23/20,06:00,13.5
08/23/20,05:00,13.8
08/23/20,04:00,14.1
08/23/20,03:00,14.1
08/23/20,02:00,15.2
08/23/20,01:00,13.7
08/23/20,00:00,14.4
08/25/20,00:00,16.2
08/24/20,23:00,16.2
08/24/20,22:00,16.1
08/24/20,21:00,16.2
08/24/20,20:00,16.4
08/24/20,19:00,17.1
08/24/20,18:00,16.9
08/24/20,17:00,16.6
08/24/20,16:00,17.1
08/24/20,15:00,17.4
08/24/20,14:00,17.7
08/24/20,13:00,17.5
08/24/20,12:00,18.9
08/24/20,11:00,17.9
08/24/20,10:00,18.9
08/24/20,09:00,18.7
08/24/20,08:00,17.7
08/24/20,07:00,16.1
08/24/20,06:00,15.3
08/24/20,05:00,15.1
08/24/20,04:00,14.9
08/24/20,03:00,15.1
08/24/20,02:00,15
08/24/20,01:00,15.3
08/24/20,00:00,15.6
08/26/20,00:00,15.5
08/25/20,23:00,15.3
08/25/20,22:00,16
08/25/20,21:00,16.4
08/25/20,20:00,16.2
08/25/20,19:00,17
08/25/20,18:00,17.7
08/25/20,17:00,17.2
08/25/20,16:00,18.8
08/25/20,15:00,18.9
08/25/20,14:00,18.8
08/25/20,13:00,19.4
08/25/20,12:00,19.3
08/25/20,11:00,19.6
08/25/20,10:00,18.6
08/25/20,09:00,18.4
08/25/20,08:00,17.9
08/25/20,07:00,17.8
08/25/20,06:00,17.6
08/25/20,05:00,18
08/25/20,04:00,17.8
08/25/20,03:00,17.4
08/25/20,02:00,16.8
08/25/20,01:00,16.2
08/25/20,00:00,16.2
08/27/20,00:00,13.1
08/26/20,23:00,13.3
08/26/20,22:00,13.4
08/26/20,21:00,13.1
08/26/20,20:00,14.4
08/26/20,19:00,15.6
08/26/20,18:00,16.9
08/26/20,17:00,17.8
08/26/20,16:00,18.4
08/26/20,15:00,20
08/26/20,14:00,18.6
08/26/20,13:00,18.7
08/26/20,12:00,18.2
08/26/20,11:00,18.4
08/26/20,10:00,18.7
08/26/20,09:00,17.9
08/26/20,08:00,16.7
08/26/20,07:00,14.6
08/26/20,06:00,12.1
08/26/20,05:00,12.6
08/26/20,04:00,13.8
08/26/20,03:00,13.3
08/26/20,02:00,14.1
08/26/20,01:00,14.6
08/26/20,00:00,15.5
08/28/20,00:00,15.1
08/27/20,23:00,14.8
08/27/20,22:00,15.3
08/27/20,21:00,15.7
08/27/20,20:00,15.9
08/27/20,19:00,16.3
08/27/20,18:00,17.1
08/27/20,17:00,18.8
08/27/20,16:00,18.8
08/27/20,15:00,18.7
08/27/20,14:00,19.6
08/27/20,13:00,18.5
08/27/20,12:00,19.9
08/27/20,11:00,18.7
08/27/20,10:00,17.2
08/27/20,09:00,16.9
08/27/20,08:00,17.4
08/27/20,07:00,15.3
08/27/20,06:00,13.6
08/27/20,05:00,13.1
08/27/20,04:00,13.6
08/27/20,03:00,13.7
08/27/20,02:00,13.6
08/27/20,01:00,13.6
08/27/20,00:00,13.1
08/29/20,00:00,12.7
08/28/20,23:00,11.6
08/28/20,22:00,11.9
08/28/20,21:00,12.2
08/28/20,20:00,12.7
08/28/20,19:00,13.5
08/28/20,18:00,14.9
08/28/20,17:00,15.3
08/28/20,16:00,14.8
08/28/20,15:00,16.9
08/28/20,14:00,16.8
08/28/20,13:00,16.8
08/28/20,12:00,15.7
08/28/20,11:00,14.8
08/28/20,10:00,16.5
08/28/20,09:00,15.5
08/28/20,08:00,16
08/28/20,07:00,15.1
08/28/20,06:00,13.5
08/28/20,05:00,13.8
08/28/20,04:00,13.5
08/28/20,03:00,14
08/28/20,02:00,14.8
08/28/20,01:00,15.3
08/28/20,00:00,15.1
08/30/20,00:00,10.5
08/29/20,23:00,11.4
08/29/20,22:00,11.9
08/29/20,21:00,12.4
08/29/20,20:00,12.9
08/29/20,19:00,13.5
08/29/20,18:00,13.9
08/29/20,17:00,15.1
08/29/20,16:00,16
08/29/20,15:00,15.9
08/29/20,14:00,16.5
08/29/20,13:00,16.5
08/29/20,12:00,15.8
08/29/20,11:00,15.5
08/29/20,10:00,14.6
08/29/20,09:00,14.8
08/29/20,08:00,14.4
08/29/20,07:00,13.3
08/29/20,06:00,11.7
08/29/20,05:00,11.9
08/29/20,04:00,12.3
08/29/20,03:00,12.9
08/29/20,02:00,13.5
08/29/20,01:00,13.6
08/29/20,00:00,12.7
08/31/20,00:00,7.2
08/30/20,23:00,8.6
08/30/20,22:00,8.5
08/30/20,21:00,9.6
08/30/20,20:00,11.4
08/30/20,19:00,12.9
08/30/20,18:00,15.3
08/30/20,17:00,16.4
08/30/20,16:00,17
08/30/20,15:00,17.4
08/30/20,14:00,18.1
08/30/20,13:00,18.3
08/30/20,12:00,17.7
08/30/20,11:00,16.9
08/30/20,10:00,16.1
08/30/20,09:00,14.9
08/30/20,08:00,13.3
08/30/20,07:00,11.5
08/30/20,06:00,9.7
08/30/20,05:00,9.1
08/30/20,04:00,10
08/30/20,03:00,9.6
08/30/20,02:00,9.1
08/30/20,01:00,9.6
08/30/20,00:00,10.5
09/01/20,00:00,9.1
08/31/20,23:00,9.8
08/31/20,22:00,9.8
08/31/20,21:00,11.7
08/31/20,20:00,12.8
08/31/20,19:00,14.8
08/31/20,18:00,17.1
08/31/20,17:00,19.2
08/31/20,16:00,19.8
08/31/20,15:00,20.1
08/31/20,14:00,21.1
08/31/20,13:00,19.9
08/31/20,12:00,20.7
08/31/20,11:00,19.1
08/31/20,10:00,18.1
08/31/20,09:00,15.7
08/31/20,08:00,13.8
08/31/20,07:00,10.7
08/31/20,06:00,8.1
08/31/20,05:00,6.1
08/31/20,04:00,6
08/31/20,03:00,7.2
08/31/20,02:00,6.6
08/31/20,01:00,7.1
08/31/20,00:00,7.2
09/02/20,00:00,10
09/01/20,23:00,10.6
09/01/20,22:00,10.9
09/01/20,21:00,13.1
09/01/20,20:00,14.4
09/01/20,19:00,16.2
09/01/20,18:00,18.8
09/01/20,17:00,19.3
09/01/20,16:00,19.9
09/01/20,15:00,20.5
09/01/20,14:00,20.5
09/01/20,13:00,22.1
09/01/20,12:00,21.3
09/01/20,11:00,20.5
09/01/20,10:00,19.9
09/01/20,09:00,16.8
09/01/20,08:00,14.1
09/01/20,07:00,12.3
09/01/20,06:00,9.9
09/01/20,05:00,10.5
09/01/20,04:00,9.4
09/01/20,03:00,8.9
09/01/20,02:00,9.2
09/01/20,01:00,10
09/01/20,00:00,9.1
09/03/20,00:00,17.4
09/02/20,23:00,17.3
09/02/20,22:00,17.3
09/02/20,21:00,17.3
09/02/20,20:00,17.3
09/02/20,19:00,17.3
09/02/20,18:00,18.1
09/02/20,17:00,19.4
09/02/20,16:00,20.1
09/02/20,15:00,20.6
09/02/20,14:00,20.6
09/02/20,13:00,20.5
09/02/20,12:00,20.2
09/02/20,11:00,20.2
09/02/20,10:00,18.6
09/02/20,09:00,17.5
09/02/20,08:00,16.6
09/02/20,07:00,13.6
09/02/20,06:00,9.9
09/02/20,05:00,9.7
09/02/20,04:00,9.6
09/02/20,03:00,9.8
09/02/20,02:00,9.3
09/02/20,01:00,9.6
09/02/20,00:00,10
09/04/20,00:00,16
09/03/20,23:00,16.2
09/03/20,22:00,17.5
09/03/20,21:00,17.6
09/03/20,20:00,17.7
09/03/20,19:00,17.7
09/03/20,18:00,17.9
09/03/20,17:00,18.5
09/03/20,16:00,18.2
09/03/20,15:00,18.2
09/03/20,14:00,18
09/03/20,13:00,17.9
09/03/20,12:00,17.6
09/03/20,11:00,17.8
09/03/20,10:00,17.8
09/03/20,09:00,18
09/03/20,08:00,18
09/03/20,07:00,17.8
09/03/20,06:00,17.6
09/03/20,05:00,17.6
09/03/20,04:00,17.6
09/03/20,03:00,17.5
09/03/20,02:00,17.5
09/03/20,01:00,17.5
09/03/20,00:00,17.4
09/05/20,00:00,13.5
09/04/20,23:00,14
09/04/20,22:00,14.8
09/04/20,21:00,15.1
09/04/20,20:00,15.3
09/04/20,19:00,15.5
09/04/20,18:00,16
09/04/20,17:00,16.6
09/04/20,16:00,18.4
09/04/20,15:00,18.7
09/04/20,14:00,19.8
09/04/20,13:00,19.8
09/04/20,12:00,19.5
09/04/20,11:00,18.2
09/04/20,10:00,17.5
09/04/20,09:00,16.5
09/04/20,08:00,15.6
09/04/20,07:00,14.8
09/04/20,06:00,14.7
09/04/20,05:00,15.1
09/04/20,04:00,15
09/04/20,03:00,15.1
09/04/20,02:00,15.3
09/04/20,01:00,15.9
09/04/20,00:00,16
09/06/20,00:00,9.8
09/05/20,23:00,9.3
09/05/20,22:00,9.8
09/05/20,21:00,10.1
09/05/20,20:00,10.2
09/05/20,19:00,12.9
09/05/20,18:00,15.2
09/05/20,17:00,16.2
09/05/20,16:00,15.5
09/05/20,15:00,16.9
09/05/20,14:00,16.6
09/05/20,13:00,16.9
09/05/20,12:00,17.2
09/05/20,11:00,16.2
09/05/20,10:00,15.4
09/05/20,09:00,15.2
09/05/20,08:00,15.1
09/05/20,07:00,12.2
09/05/20,06:00,8.5
09/05/20,05:00,10.3
09/05/20,04:00,11.5
09/05/20,03:00,12.6
09/05/20,02:00,13
09/05/20,01:00,12.6
09/05/20,00:00,13.5
09/07/20,00:00,9.4
09/06/20,23:00,8.9
09/06/20,22:00,10.5
09/06/20,21:00,13.1
09/06/20,20:00,13.8
09/06/20,19:00,15
09/06/20,18:00,15.3
09/06/20,17:00,17.3
09/06/20,16:00,17.5
09/06/20,15:00,18.5
09/06/20,14:00,18.2
09/06/20,13:00,19.1
09/06/20,12:00,17
09/06/20,11:00,16.6
09/06/20,10:00,15.6
09/06/20,09:00,14.7
09/06/20,08:00,13.3
09/06/20,07:00,12.9
09/06/20,06:00,11.5
09/06/20,05:00,12
09/06/20,04:00,10.3
09/06/20,03:00,9.9
09/06/20,02:00,10.9
09/06/20,01:00,10.7
09/06/20,00:00,9.8
09/08/20,00:00,11.4
09/07/20,23:00,13
09/07/20,22:00,12
09/07/20,21:00,12.8
09/07/20,20:00,13.5
09/07/20,19:00,15.2
09/07/20,18:00,16.7
09/07/20,17:00,18.4
09/07/20,16:00,18.1
09/07/20,15:00,19.3
09/07/20,14:00,19.2
09/07/20,13:00,18.3
09/07/20,12:00,17.9
09/07/20,11:00,17.8
09/07/20,10:00,17.8
09/07/20,09:00,15
09/07/20,08:00,14.1
09/07/20,07:00,12.8
09/07/20,06:00,11.4
09/07/20,05:00,9.8
09/07/20,04:00,9.2
09/07/20,03:00,8.4
09/07/20,02:00,7.2
09/07/20,01:00,8
09/07/20,00:00,9.4
09/09/20,00:00,11.7
09/08/20,23:00,12.1
09/08/20,22:00,13
09/08/20,21:00,13.8
09/08/20,20:00,14.5
09/08/20,19:00,15.4
09/08/20,18:00,17.5
09/08/20,17:00,19.8
09/08/20,16:00,21.2
09/08/20,15:00,21.7
09/08/20,14:00,21.9
09/08/20,13:00,21.8
09/08/20,12:00,20.9
09/08/20,11:00,20.6
09/08/20,10:00,18.7
09/08/20,09:00,16.8
09/08/20,08:00,15.3
09/08/20,07:00,13.7
09/08/20,06:00,10.9
09/08/20,05:00,10.9
09/08/20,04:00,11
09/08/20,03:00,10.9
09/08/20,02:00,11.7
09/08/20,01:00,11.5
09/08/20,00:00,11.4
09/10/20,00:00,15.8
09/09/20,23:00,16.1
09/09/20,22:00,15.9
09/09/20,21:00,15.7
09/09/20,20:00,15.5
09/09/20,19:00,15.4
09/09/20,18:00,16.9
09/09/20,17:00,18.2
09/09/20,16:00,18.7
09/09/20,15:00,19.6
09/09/20,14:00,19.9
09/09/20,13:00,20.1
09/09/20,12:00,20.8
09/09/20,11:00,20.1
09/09/20,10:00,17.8
09/09/20,09:00,17.1
09/09/20,08:00,15.2
09/09/20,07:00,13.3
09/09/20,06:00,11.7
09/09/20,05:00,10.1
09/09/20,04:00,10.6
09/09/20,03:00,11.1
09/09/20,02:00,11.6
09/09/20,01:00,13.2
09/09/20,00:00,11.7
09/11/20,00:00,9.4
09/10/20,23:00,10
09/10/20,22:00,10.3
09/10/20,21:00,10.6
09/10/20,20:00,11.5
09/10/20,19:00,12.8
09/10/20,18:00,14.9
09/10/20,17:00,15.5
09/10/20,16:00,17
09/10/20,15:00,18.6
09/10/20,14:00,18.5
09/10/20,13:00,18.3
09/10/20,12:00,18.4
09/10/20,11:00,18.3
09/10/20,10:00,17.5
09/10/20,09:00,15.3
09/10/20,08:00,14.8
09/10/20,07:00,14.1
09/10/20,06:00,14.6
09/10/20,05:00,14.7
09/10/20,04:00,14.7
09/10/20,03:00,14.7
09/10/20,02:00,14.8
09/10/20,01:00,15.2
09/10/20,00:00,15.8
09/12/20,00:00,7.7
09/11/20,23:00,7.3
09/11/20,22:00,8
09/11/20,21:00,8.6
09/11/20,20:00,10.6
09/11/20,19:00,12.7
09/11/20,18:00,14.7
09/11/20,17:00,16.8
09/11/20,16:00,17
09/11/20,15:00,18.6
09/11/20,14:00,18.1
09/11/20,13:00,17.2
09/11/20,12:00,16.7
09/11/20,11:00,16.1
09/11/20,10:00,16.1
09/11/20,09:00,14.7
09/11/20,08:00,13.2
09/11/20,07:00,7.5
09/11/20,06:00,5.5
09/11/20,05:00,6.1
09/11/20,04:00,6.8
09/11/20,03:00,7.1
09/11/20,02:00,6.9
09/11/20,01:00,7.3
09/11/20,00:00,9.4
09/13/20,00:00,12
09/12/20,23:00,11
09/12/20,22:00,12.2
09/12/20,21:00,12.3
09/12/20,20:00,12.8
09/12/20,19:00,14.4
09/12/20,18:00,16.7
09/12/20,17:00,18.1
09/12/20,16:00,19.2
09/12/20,15:00,20.8
09/12/20,14:00,20.4
09/12/20,13:00,19.5
09/12/20,12:00,20.9
09/12/20,11:00,18.7
09/12/20,10:00,17.8
09/12/20,09:00,17.2
09/12/20,08:00,15.2
09/12/20,07:00,10.6
09/12/20,06:00,8.8
09/12/20,05:00,9.8
09/12/20,04:00,11
09/12/20,03:00,10.4
09/12/20,02:00,9.4
09/12/20,01:00,8
09/12/20,00:00,7.7
09/14/20,00:00,10.6
09/13/20,23:00,11
09/13/20,22:00,12
09/13/20,21:00,12.2
09/13/20,20:00,13.2
09/13/20,19:00,15.3
09/13/20,18:00,21.2
09/13/20,17:00,23.1
09/13/20,16:00,24.2
09/13/20,15:00,26.9
09/13/20,14:00,26.5
09/13/20,13:00,25.6
09/13/20,12:00,24.6
09/13/20,11:00,23.3
09/13/20,10:00,22.2
09/13/20,09:00,20.1
09/13/20,08:00,16.4
09/13/20,07:00,12.2
09/13/20,06:00,8.9
09/13/20,05:00,9.4
09/13/20,04:00,9.4
09/13/20,03:00,10.6
09/13/20,02:00,10.5
09/13/20,01:00,11.9
09/13/20,00:00,12
09/15/20,00:00,19.3
09/14/20,23:00,17.2
09/14/20,22:00,16.6
09/14/20,21:00,17.2
09/14/20,20:00,17.1
09/14/20,19:00,17.8
09/14/20,18:00,19.7
09/14/20,17:00,23
09/14/20,16:00,26.7
09/14/20,15:00,28.2
09/14/20,14:00,31.7
09/14/20,13:00,31
09/14/20,12:00,30
09/14/20,11:00,29.5
09/14/20,10:00,27.5
09/14/20,09:00,24.9
09/14/20,08:00,22.1
09/14/20,07:00,13.5
09/14/20,06:00,10.6
09/14/20,05:00,11.7
09/14/20,04:00,11.1
09/14/20,03:00,10.7
09/14/20,02:00,9.8
09/14/20,01:00,9.9
09/14/20,00:00,10.6
09/16/20,00:00,14.5
09/15/20,23:00,14.5
09/15/20,22:00,14.8
09/15/20,21:00,15.1
09/15/20,20:00,15.8
09/15/20,19:00,16.3
09/15/20,18:00,17.9
09/15/20,17:00,20.4
09/15/20,16:00,20.5
09/15/20,15:00,20.5
09/15/20,14:00,21.4
09/15/20,13:00,22.3
09/15/20,12:00,22.3
09/15/20,11:00,22.1
09/15/20,10:00,21.3
09/15/20,09:00,19
09/15/20,08:00,18.1
09/15/20,07:00,17.3
09/15/20,06:00,16.6
09/15/20,05:00,17.1
09/15/20,04:00,17.2
09/15/20,03:00,16.9
09/15/20,02:00,17.5
09/15/20,01:00,17.5
09/15/20,00:00,19.3
09/17/20,00:00,15.8
09/16/20,23:00,16
09/16/20,22:00,15.7
09/16/20,21:00,15.3
09/16/20,20:00,15.7
09/16/20,19:00,16.1
09/16/20,18:00,16.8
09/16/20,17:00,19
09/16/20,16:00,21.8
09/16/20,15:00,21.8
09/16/20,14:00,21.6
09/16/20,13:00,24.1
09/16/20,12:00,22.4
09/16/20,11:00,20.5
09/16/20,10:00,17.9
09/16/20,09:00,15.7
09/16/20,08:00,14.9
09/16/20,07:00,14.1
09/16/20,06:00,13.9
09/16/20,05:00,14.2
09/16/20,04:00,14.2
09/16/20,03:00,14.2
09/16/20,02:00,14.3
09/16/20,01:00,14.3
09/16/20,00:00,14.5
09/18/20,00:00,15.8
09/17/20,23:00,16
09/17/20,22:00,16.1
09/17/20,21:00,16.4
09/17/20,20:00,17
09/17/20,19:00,18
09/17/20,18:00,19.6
09/17/20,17:00,21.6
09/17/20,16:00,23.8
09/17/20,15:00,24.5
09/17/20,14:00,24.4
09/17/20,13:00,23.6
09/17/20,12:00,22.7
09/17/20,11:00,21.5
09/17/20,10:00,20.6
09/17/20,09:00,19
09/17/20,08:00,18.4
09/17/20,07:00,17.6
09/17/20,06:00,17.4
09/17/20,05:00,17.3
09/17/20,04:00,17
09/17/20,03:00,16.7
09/17/20,02:00,16.3
09/17/20,01:00,15.6
09/17/20,00:00,15.8
09/19/20,00:00,16
09/18/20,23:00,16.7
09/18/20,22:00,17
09/18/20,21:00,17.3
09/18/20,20:00,17.8
09/18/20,19:00,18
09/18/20,18:00,18.3
09/18/20,17:00,19.2
09/18/20,16:00,21.3
09/18/20,15:00,22.5
09/18/20,14:00,23
09/18/20,13:00,23.3
09/18/20,12:00,21.7
09/18/20,11:00,20.6
09/18/20,10:00,19.2
09/18/20,09:00,18.4
09/18/20,08:00,16.3
09/18/20,07:00,15.3
09/18/20,06:00,14.5
09/18/20,05:00,14.6
09/18/20,04:00,14.9
09/18/20,03:00,15.3
09/18/20,02:00,15.4
09/18/20,01:00,15.7
09/18/20,00:00,15.8
09/20/20,00:00,15.7
09/19/20,23:00,15.2
09/19/20,22:00,14.7
09/19/20,21:00,14.7
09/19/20,20:00,15
09/19/20,19:00,15.5
09/19/20,18:00,16.1
09/19/20,17:00,16.3
09/19/20,16:00,16.3
09/19/20,15:00,16.5
09/19/20,14:00,17
09/19/20,13:00,17.2
09/19/20,12:00,16.9
09/19/20,11:00,18.2
09/19/20,10:00,17.4
09/19/20,09:00,17.1
09/19/20,08:00,16.5
09/19/20,07:00,15.9
09/19/20,06:00,15.4
09/19/20,05:00,14.5
09/19/20,04:00,15.4
09/19/20,03:00,15.2
09/19/20,02:00,15.3
09/19/20,01:00,15.7
09/19/20,00:00,16
09/21/20,00:00,15.8
09/20/20,23:00,15.8
09/20/20,22:00,15.9
09/20/20,21:00,16.1
09/20/20,20:00,16.3
09/20/20,19:00,16.5
09/20/20,18:00,16.9
09/20/20,17:00,17.8
09/20/20,16:00,18.2
09/20/20,15:00,18.1
09/20/20,14:00,18.5
09/20/20,13:00,19
09/20/20,12:00,18
09/20/20,11:00,18.1
09/20/20,10:00,17.5
09/20/20,09:00,17.1
09/20/20,08:00,16.6
09/20/20,07:00,15.7
09/20/20,06:00,15.2
09/20/20,05:00,15.5
09/20/20,04:00,15.6
09/20/20,03:00,15.8
09/20/20,02:00,15.9
09/20/20,01:00,15.9
09/20/20,00:00,15.7
09/22/20,00:00,15.9
09/21/20,23:00,16
09/21/20,22:00,16
09/21/20,21:00,16
09/21/20,20:00,16.1
09/21/20,19:00,16.4
09/21/20,18:00,16.7
09/21/20,17:00,17.8
09/21/20,16:00,19.4
09/21/20,15:00,19.2
09/21/20,14:00,18.4
09/21/20,13:00,17.7
09/21/20,12:00,17.7
09/21/20,11:00,17.9
09/21/20,10:00,17.1
09/21/20,09:00,16.5
09/21/20,08:00,16.1
09/21/20,07:00,15.7
09/21/20,06:00,15.3
09/21/20,05:00,15.3
09/21/20,04:00,15.4
09/21/20,03:00,15.5
09/21/20,02:00,15.6
09/21/20,01:00,15.6
09/21/20,00:00,15.8
09/23/20,00:00,15.6
09/22/20,23:00,16.2
09/22/20,22:00,16.2
09/22/20,21:00,16.7
09/22/20,20:00,16.9
09/22/20,19:00,17
09/22/20,18:00,17.5
09/22/20,17:00,17.8
09/22/20,16:00,18.1
09/22/20,15:00,19.1
09/22/20,14:00,19.7
09/22/20,13:00,20.5
09/22/20,12:00,20.4
09/22/20,11:00,19.3
09/22/20,10:00,18.2
09/22/20,09:00,16.8
09/22/20,08:00,16.4
09/22/20,07:00,15.6
09/22/20,06:00,15.7
09/22/20,05:00,15.8
09/22/20,04:00,15.9
09/22/20,03:00,15.9
09/22/20,02:00,15.6
09/22/20,01:00,15.6
09/22/20,00:00,15.9
09/24/20,00:00,13.1
09/23/20,23:00,12.4
09/23/20,22:00,11.3
09/23/20,21:00,9
09/23/20,20:00,9.6
09/23/20,19:00,8.7
09/23/20,18:00,11.6
09/23/20,17:00,13.5
09/23/20,16:00,14.1
09/23/20,15:00,14.9
09/23/20,14:00,16.1
09/23/20,13:00,16.2
09/23/20,12:00,15.8
09/23/20,11:00,12.7
09/23/20,10:00,13.7
09/23/20,09:00,16.1
09/23/20,08:00,16
09/23/20,07:00,15
09/23/20,06:00,15.1
09/23/20,05:00,15.7
09/23/20,04:00,15.7
09/23/20,03:00,15.2
09/23/20,02:00,15.3
09/23/20,01:00,14.8
09/23/20,00:00,15.6
09/25/20,00:00,10.2
09/24/20,23:00,11.1
09/24/20,22:00,11.2
09/24/20,21:00,10.5
09/24/20,20:00,9.6
09/24/20,19:00,7.6
09/24/20,18:00,10.1
09/24/20,17:00,10.2
09/24/20,16:00,11.1
09/24/20,15:00,12.6
09/24/20,14:00,11.8
09/24/20,13:00,10.2
09/24/20,12:00,11.9
09/24/20,11:00,11.8
09/24/20,10:00,12.4
09/24/20,09:00,13.2
09/24/20,08:00,12.3
09/24/20,07:00,10.7
09/24/20,06:00,9.8
09/24/20,05:00,10.7
09/24/20,04:00,11.1
09/24/20,03:00,10.9
09/24/20,02:00,12.2
09/24/20,01:00,13.5
09/24/20,00:00,13.1
09/26/20,00:00,10.8
09/25/20,23:00,10.8
09/25/20,22:00,10.7
09/25/20,21:00,10.7
09/25/20,20:00,11.1
09/25/20,19:00,11.5
09/25/20,18:00,11.5
09/25/20,17:00,12.2
09/25/20,16:00,13.1
09/25/20,15:00,13.5
09/25/20,14:00,13.8
09/25/20,13:00,13.9
09/25/20,12:00,13.8
09/25/20,11:00,13.9
09/25/20,10:00,13.4
09/25/20,09:00,13.7
09/25/20,08:00,12.5
09/25/20,07:00,11.3
09/25/20,06:00,11.1
09/25/20,05:00,11.2
09/25/20,04:00,11.4
09/25/20,03:00,11.2
09/25/20,02:00,10.9
09/25/20,01:00,11.2
09/25/20,00:00,10.2
09/27/20,00:00,8.1
09/26/20,23:00,7.8
09/26/20,22:00,5.9
09/26/20,21:00,8.5
09/26/20,20:00,8.4
09/26/20,19:00,9.9
09/26/20,18:00,10.7
09/26/20,17:00,12.9
09/26/20,16:00,13.4
09/26/20,15:00,13.7
09/26/20,14:00,13
09/26/20,13:00,14.4
09/26/20,12:00,13.2
09/26/20,11:00,13.4
09/26/20,10:00,11.5
09/26/20,09:00,10.6
09/26/20,08:00,9.6
09/26/20,07:00,9.2
09/26/20,06:00,9.1
09/26/20,05:00,10.7
09/26/20,04:00,10.4
09/26/20,03:00,10.4
09/26/20,02:00,10.9
09/26/20,01:00,10.9
09/26/20,00:00,10.8
09/28/20,00:00,4.7
09/27/20,23:00,6.4
09/27/20,22:00,6.5
09/27/20,21:00,6.7
09/27/20,20:00,7.8
09/27/20,19:00,9.2
09/27/20,18:00,10.8
09/27/20,17:00,12.3
09/27/20,16:00,13
09/27/20,15:00,14
09/27/20,14:00,14.5
09/27/20,13:00,13.7
09/27/20,12:00,13.7
09/27/20,11:00,13.7
09/27/20,10:00,12.8
09/27/20,09:00,12.6
09/27/20,08:00,11.8
09/27/20,07:00,10.3
09/27/20,06:00,8.8
09/27/20,05:00,8.6
09/27/20,04:00,7.7
09/27/20,03:00,7.2
09/27/20,02:00,6.8
09/27/20,01:00,7.9
09/27/20,00:00,8.1
09/29/20,00:00,14.3
09/28/20,23:00,14.6
09/28/20,22:00,15.3
09/28/20,21:00,15.8
09/28/20,20:00,15.7
09/28/20,19:00,15.7
09/28/20,18:00,15.9
09/28/20,17:00,16.6
09/28/20,16:00,17.6
09/28/20,15:00,17.8
09/28/20,14:00,17.7
09/28/20,13:00,17
09/28/20,12:00,16.2
09/28/20,11:00,16.8
09/28/20,10:00,16.6
09/28/20,09:00,14.8
09/28/20,08:00,14.3
09/28/20,07:00,12.5
09/28/20,06:00,11.5
09/28/20,05:00,9.9
09/28/20,04:00,8.8
09/28/20,03:00,7.9
09/28/20,02:00,5.6
09/28/20,01:00,3.8
09/28/20,00:00,4.7
09/30/20,00:00,12.6
09/29/20,23:00,11.6
09/29/20,22:00,12.6
09/29/20,21:00,12.5
09/29/20,20:00,11.9
09/29/20,19:00,12.4
09/29/20,18:00,13.7
09/29/20,17:00,15.7
09/29/20,16:00,16.8
09/29/20,15:00,17.4
09/29/20,14:00,17.6
09/29/20,13:00,16.8
09/29/20,12:00,17.2
09/29/20,11:00,17.2
09/29/20,10:00,15.4
09/29/20,09:00,14.4
09/29/20,08:00,13.8
09/29/20,07:00,13.1
09/29/20,06:00,13.5
09/29/20,05:00,13.4
09/29/20,04:00,13.6
09/29/20,03:00,13.9
09/29/20,02:00,14.1
09/29/20,01:00,14.2
09/29/20,00:00,14.3
10/01/20,00:00,10.8
09/30/20,23:00,10.8
09/30/20,22:00,9.8
09/30/20,21:00,11.6
09/30/20,20:00,11.6
09/30/20,19:00,12.8
09/30/20,18:00,13.4
09/30/20,17:00,13.7
09/30/20,16:00,15
09/30/20,15:00,14.9
09/30/20,14:00,14.6
09/30/20,13:00,14.2
09/30/20,12:00,15
09/30/20,11:00,16.1
09/30/20,10:00,15.9
09/30/20,09:00,15.3
09/30/20,08:00,15
09/30/20,07:00,14.7
09/30/20,06:00,14.8
09/30/20,05:00,14.5
09/30/20,04:00,14.3
09/30/20,03:00,14.2
09/30/20,02:00,14
09/30/20,01:00,13
09/30/20,00:00,12.6
10/02/20,00:00,9.5
10/01/20,23:00,8.9
10/01/20,22:00,10
10/01/20,21:00,10.3
10/01/20,20:00,10.5
10/01/20,19:00,10.7
10/01/20,18:00,10.9
10/01/20,17:00,11
10/01/20,16:00,11.3
10/01/20,15:00,11.6
10/01/20,14:00,11.4
10/01/20,13:00,13
10/01/20,12:00,14
10/01/20,11:00,13
10/01/20,10:00,11.7
10/01/20,09:00,11.7
10/01/20,08:00,10.7
10/01/20,07:00,8.4
10/01/20,06:00,7.7
10/01/20,05:00,9.7
10/01/20,04:00,8.8
10/01/20,03:00,9
10/01/20,02:00,9.8
10/01/20,01:00,9.8
10/01/20,00:00,10.8
10/03/20,00:00,12.5
10/02/20,23:00,12.3
10/02/20,22:00,11.3
10/02/20,21:00,10.8
10/02/20,20:00,10.4
10/02/20,19:00,11.3
10/02/20,18:00,11.2
10/02/20,17:00,11.4
10/02/20,16:00,11.9
10/02/20,15:00,13
10/02/20,14:00,12.5
10/02/20,13:00,12.6
10/02/20,12:00,11.8
10/02/20,11:00,11.3
10/02/20,10:00,10.7
10/02/20,09:00,9.9
10/02/20,08:00,9.7
10/02/20,07:00,9.6
10/02/20,06:00,9.8
10/02/20,05:00,9.9
10/02/20,04:00,9.7
10/02/20,03:00,9.4
10/02/20,02:00,9.6
10/02/20,01:00,9.4
10/02/20,00:00,9.5
10/04/20,00:00,10.3
10/03/20,23:00,10.3
10/03/20,22:00,10.8
10/03/20,21:00,10.3
10/03/20,20:00,10
10/03/20,19:00,10.5
10/03/20,18:00,10.9
10/03/20,17:00,11.2
10/03/20,16:00,12.2
10/03/20,15:00,11.8
10/03/20,14:00,12.3
10/03/20,13:00,13.2
10/03/20,12:00,12.1
10/03/20,11:00,12.5
10/03/20,10:00,12.8
10/03/20,09:00,12.5
10/03/20,08:00,12.7
10/03/20,07:00,12.6
10/03/20,06:00,12.9
10/03/20,05:00,12.8
10/03/20,04:00,12.2
10/03/20,03:00,12.1
10/03/20,02:00,12.4
10/03/20,01:00,12.4
10/03/20,00:00,12.5
10/05/20,00:00,10.8
10/04/20,23:00,10.9
10/04/20,22:00,10.8
10/04/20,21:00,11.3
10/04/20,20:00,11.9
10/04/20,19:00,12
10/04/20,18:00,11.5
10/04/20,17:00,12.6
10/04/20,16:00,12.7
10/04/20,15:00,13.2
10/04/20,14:00,13.2
10/04/20,13:00,12.9
10/04/20,12:00,14
10/04/20,11:00,13.4
10/04/20,10:00,12.8
10/04/20,09:00,13.2
10/04/20,08:00,11.3
10/04/20,07:00,8
10/04/20,06:00,9.7
10/04/20,05:00,9.8
10/04/20,04:00,7.9
10/04/20,03:00,7.3
10/04/20,02:00,9.3
10/04/20,01:00,10
10/04/20,00:00,10.3
10/06/20,00:00,12.6
10/05/20,23:00,12.5
10/05/20,22:00,13.1
10/05/20,21:00,14.4
10/05/20,20:00,13.3
10/05/20,19:00,12.7
10/05/20,18:00,12.6
10/05/20,17:00,12.5
10/05/20,16:00,12.7
10/05/20,15:00,13.7
10/05/20,14:00,14.3
10/05/20,13:00,14.5
10/05/20,12:00,14
10/05/20,11:00,13
10/05/20,10:00,12.8
10/05/20,09:00,12.3
10/05/20,08:00,12.2
10/05/20,07:00,11.8
10/05/20,06:00,11.9
10/05/20,05:00,11.5
10/05/20,04:00,11.5
10/05/20,03:00,11.3
10/05/20,02:00,11
10/05/20,01:00,11
10/05/20,00:00,10.8
10/07/20,00:00,11.9
10/06/20,23:00,12.2
10/06/20,22:00,12.2
10/06/20,21:00,12.2
10/06/20,20:00,12
10/06/20,19:00,12.2
10/06/20,18:00,12.7
10/06/20,17:00,12.9
10/06/20,16:00,13.6
10/06/20,15:00,13.4
10/06/20,14:00,13.9
10/06/20,13:00,14.1
10/06/20,12:00,14.7
10/06/20,11:00,14.8
10/06/20,10:00,13.3
10/06/20,09:00,13.4
10/06/20,08:00,12.5
10/06/20,07:00,12.6
10/06/20,06:00,12.1
10/06/20,05:00,11.8
10/06/20,04:00,12.7
10/06/20,03:00,12.7
10/06/20,02:00,12.4
10/06/20,01:00,12.8
10/06/20,00:00,12.6
10/08/20,00:00,15.2
10/07/20,23:00,15.3
10/07/20,22:00,15.1
10/07/20,21:00,15.2
10/07/20,20:00,15.1
10/07/20,19:00,15.1
10/07/20,18:00,15.1
10/07/20,17:00,14.7
10/07/20,16:00,13.6
10/07/20,15:00,13.4
10/07/20,14:00,13.5
10/07/20,13:00,14.9
10/07/20,12:00,15.2
10/07/20,11:00,15.6
10/07/20,10:00,15.2
10/07/20,09:00,14.3
10/07/20,08:00,12.5
10/07/20,07:00,10.8
10/07/20,06:00,11.8
10/07/20,05:00,11.6
10/07/20,04:00,12.4
10/07/20,03:00,12.3
10/07/20,02:00,12.4
10/07/20,01:00,12
10/07/20,00:00,11.9
10/09/20,00:00,11.3
10/08/20,23:00,11.4
10/08/20,22:00,11.3
10/08/20,21:00,11.9
10/08/20,20:00,12
10/08/20,19:00,12.5
10/08/20,18:00,12.6
10/08/20,17:00,13.9
10/08/20,16:00,15.1
10/08/20,15:00,15.9
10/08/20,14:00,15.5
10/08/20,13:00,16
10/08/20,12:00,16.2
10/08/20,11:00,16
10/08/20,10:00,16.2
10/08/20,09:00,15.9
10/08/20,08:00,15.6
10/08/20,07:00,15.5
10/08/20,06:00,15.4
10/08/20,05:00,15.3
10/08/20,04:00,15
10/08/20,03:00,15
10/08/20,02:00,15.3
10/08/20,01:00,15.2
10/08/20,00:00,15.2
10/10/20,00:00,9.9
10/09/20,23:00,11.2
10/09/20,22:00,11.8
10/09/20,21:00,11.1
10/09/20,20:00,10.4
10/09/20,19:00,10.7
10/09/20,18:00,11.7
10/09/20,17:00,13
10/09/20,16:00,13.6
10/09/20,15:00,13.9
10/09/20,14:00,14.3
10/09/20,13:00,14.1
10/09/20,12:00,14.1
10/09/20,11:00,14.3
10/09/20,10:00,12.8
10/09/20,09:00,12.5
10/09/20,08:00,10.2
10/09/20,07:00,6.3
10/09/20,06:00,7
10/09/20,05:00,8
10/09/20,04:00,7.8
10/09/20,03:00,8.9
10/09/20,02:00,9.6
10/09/20,01:00,10.9
10/09/20,00:00,11.3
10/11/20,00:00,9.5
10/10/20,23:00,8.2
10/10/20,22:00,8.9
10/10/20,21:00,9.7
10/10/20,20:00,9.8
10/10/20,19:00,10.4
10/10/20,18:00,11.1
10/10/20,17:00,11.7
10/10/20,16:00,13.1
10/10/20,15:00,13.5
10/10/20,14:00,13.9
10/10/20,13:00,13.9
10/10/20,12:00,13.1
10/10/20,11:00,12.8
10/10/20,10:00,13.3
10/10/20,09:00,12.4
10/10/20,08:00,8.7
10/10/20,07:00,7.3
10/10/20,06:00,6.5
10/10/20,05:00,7.5
10/10/20,04:00,5.3
10/10/20,03:00,7.9
10/10/20,02:00,8.8
10/10/20,01:00,9.4
10/10/20,00:00,9.9
10/12/20,00:00,4.8
10/11/20,23:00,5.6
10/11/20,22:00,6.1
10/11/20,21:00,7.5
10/11/20,20:00,8.8
10/11/20,19:00,9.2
10/11/20,18:00,10.6
10/11/20,17:00,12.1
10/11/20,16:00,12.6
10/11/20,15:00,14
10/11/20,14:00,13.7
10/11/20,13:00,13.8
10/11/20,12:00,13.6
10/11/20,11:00,12.9
10/11/20,10:00,13.2
10/11/20,09:00,13.1
10/11/20,08:00,11.4
10/11/20,07:00,11.1
10/11/20,06:00,10.8
10/11/20,05:00,11.1
10/11/20,04:00,10.6
10/11/20,03:00,10.8
10/11/20,02:00,10.8
10/11/20,01:00,11
10/11/20,00:00,9.5
10/13/20,00:00,11.1
10/12/20,23:00,10.7
10/12/20,22:00,11.1
10/12/20,21:00,11
10/12/20,20:00,11.4
10/12/20,19:00,11.7
10/12/20,18:00,12
10/12/20,17:00,12.5
10/12/20,16:00,12.6
10/12/20,15:00,13.6
10/12/20,14:00,13
10/12/20,13:00,12.4
10/12/20,12:00,11.9
10/12/20,11:00,11.1
10/12/20,10:00,10.4
10/12/20,09:00,9.3
10/12/20,08:00,8.8
10/12/20,07:00,7.6
10/12/20,06:00,6.8
10/12/20,05:00,4.3
10/12/20,04:00,4.6
10/12/20,03:00,5.1
10/12/20,02:00,5.3
10/12/20,01:00,5
10/12/20,00:00,4.8
10/14/20,00:00,8.8
10/13/20,23:00,9.6
10/13/20,22:00,9.6
10/13/20,21:00,8.5
10/13/20,20:00,9.9
10/13/20,19:00,8.9
10/13/20,18:00,9.3
10/13/20,17:00,10
10/13/20,16:00,11.1
10/13/20,15:00,8.8
10/13/20,14:00,11.3
10/13/20,13:00,12.4
10/13/20,12:00,13.2
10/13/20,11:00,11.9
10/13/20,10:00,9.8
10/13/20,09:00,10.2
10/13/20,08:00,10.6
10/13/20,07:00,9.5
10/13/20,06:00,9.7
10/13/20,05:00,9.5
10/13/20,04:00,10.8
10/13/20,03:00,10.7
10/13/20,02:00,10.9
10/13/20,01:00,11
10/13/20,00:00,11.1
10/15/20,00:00,8.8
10/14/20,23:00,8.7
10/14/20,22:00,6.8
10/14/20,21:00,6.6
10/14/20,20:00,8.1
10/14/20,19:00,8.2
10/14/20,18:00,9.6
10/14/20,17:00,11.7
10/14/20,16:00,12.4
10/14/20,15:00,14
10/14/20,14:00,14.8
10/14/20,13:00,15.2
10/14/20,12:00,14.5
10/14/20,11:00,13.2
10/14/20,10:00,14
10/14/20,09:00,12.3
10/14/20,08:00,11
10/14/20,07:00,10.4
10/14/20,06:00,9.9
10/14/20,05:00,8.6
10/14/20,04:00,6.8
10/14/20,03:00,6.7
10/14/20,02:00,5.8
10/14/20,01:00,7.7
10/14/20,00:00,8.8
10/16/20,00:00,7.9
10/15/20,23:00,8.9
10/15/20,22:00,9
10/15/20,21:00,7.6
10/15/20,20:00,6.8
10/15/20,19:00,7.6
10/15/20,18:00,9.2
10/15/20,17:00,11.5
10/15/20,16:00,12.6
10/15/20,15:00,11.1
10/15/20,14:00,11.3
10/15/20,13:00,12.5
10/15/20,12:00,13.4
10/15/20,11:00,13
10/15/20,10:00,13
10/15/20,09:00,10.9
10/15/20,08:00,8.9
10/15/20,07:00,7
10/15/20,06:00,7.3
10/15/20,05:00,7.7
10/15/20,04:00,8
10/15/20,03:00,8.9
10/15/20,02:00,8.4
10/15/20,01:00,8.8
10/15/20,00:00,8.8
10/17/20,00:00,3.8
10/16/20,23:00,4
10/16/20,22:00,5.5
10/16/20,21:00,6.9
10/16/20,20:00,8
10/16/20,19:00,8.7
10/16/20,18:00,10.3
10/16/20,17:00,11.5
10/16/20,16:00,12.3
10/16/20,15:00,12.7
10/16/20,14:00,12.7
10/16/20,13:00,12.4
10/16/20,12:00,12.6
10/16/20,11:00,11.9
10/16/20,10:00,11.4
10/16/20,09:00,10.1
10/16/20,08:00,8.8
10/16/20,07:00,7.7
10/16/20,06:00,8.4
10/16/20,05:00,8.8
10/16/20,04:00,8.5
10/16/20,03:00,8.2
10/16/20,02:00,6.5
10/16/20,01:00,5.7
10/16/20,00:00,7.9
10/18/20,00:00,8.1
10/17/20,23:00,7.5
10/17/20,22:00,6.3
10/17/20,21:00,6.6
10/17/20,20:00,7.6
10/17/20,19:00,8.5
10/17/20,18:00,9.6
10/17/20,17:00,11.3
10/17/20,16:00,13
10/17/20,15:00,14.5
10/17/20,14:00,14.4
10/17/20,13:00,13.9
10/17/20,12:00,13.3
10/17/20,11:00,12.8
10/17/20,10:00,12.3
10/17/20,09:00,10.1
10/17/20,08:00,8.2
10/17/20,07:00,6
10/17/20,06:00,6.8
10/17/20,05:00,7.1
10/17/20,04:00,6.8
10/17/20,03:00,5
10/17/20,02:00,5.6
10/17/20,01:00,5.5
10/17/20,00:00,3.8
10/19/20,00:00,7.4
10/18/20,23:00,8.2
10/18/20,22:00,8.4
10/18/20,21:00,8
10/18/20,20:00,7.8
10/18/20,19:00,8.7
10/18/20,18:00,10.3
10/18/20,17:00,12.1
10/18/20,16:00,13.5
10/18/20,15:00,13.8
10/18/20,14:00,15.6
10/18/20,13:00,15.4
10/18/20,12:00,14.5
10/18/20,11:00,13.7
10/18/20,10:00,12.8
10/18/20,09:00,10.5
10/18/20,08:00,8.1
10/18/20,07:00,6.2
10/18/20,06:00,6.7
10/18/20,05:00,6.9
10/18/20,04:00,7.2
10/18/20,03:00,6.6
10/18/20,02:00,7.1
10/18/20,01:00,8.1
10/18/20,00:00,8.1
10/20/20,00:00,15
10/19/20,23:00,14.9
10/19/20,22:00,14
10/19/20,21:00,13.8
10/19/20,20:00,14
10/19/20,19:00,14.7
10/19/20,18:00,14.7
10/19/20,17:00,15.1
10/19/20,16:00,15.9
10/19/20,15:00,17
10/19/20,14:00,17.1
10/19/20,13:00,15.2
10/19/20,12:00,14.8
10/19/20,11:00,13
10/19/20,10:00,12.3
10/19/20,09:00,11.1
10/19/20,08:00,10.6
10/19/20,07:00,10.1
10/19/20,06:00,9.4
10/19/20,05:00,9.4
10/19/20,04:00,9.9
10/19/20,03:00,9.6
10/19/20,02:00,9.5
10/19/20,01:00,8.6
10/19/20,00:00,7.4
10/21/20,00:00,15.1
10/20/20,23:00,14.9
10/20/20,22:00,14.6
10/20/20,21:00,14.6
10/20/20,20:00,14.4
10/20/20,19:00,15.1
10/20/20,18:00,15.6
10/20/20,17:00,16
10/20/20,16:00,16.8
10/20/20,15:00,17.4
10/20/20,14:00,17.8
10/20/20,13:00,17.5
10/20/20,12:00,17.3
10/20/20,11:00,17.2
10/20/20,10:00,16.3
10/20/20,09:00,15.7
10/20/20,08:00,15.1
10/20/20,07:00,14.8
10/20/20,06:00,14.8
10/20/20,05:00,14.7
10/20/20,04:00,14.2
10/20/20,03:00,14.5
10/20/20,02:00,14.7
10/20/20,01:00,14.9
10/20/20,00:00,15
10/22/20,00:00,12
10/21/20,23:00,11.7
10/21/20,22:00,12.2
10/21/20,21:00,12.4
10/21/20,20:00,12.5
10/21/20,19:00,13
10/21/20,18:00,13.1
10/21/20,17:00,13.8
10/21/20,16:00,14.8
10/21/20,15:00,15.3
10/21/20,14:00,15.5
10/21/20,13:00,15.4
10/21/20,12:00,14.3
10/21/20,11:00,14.1
10/21/20,10:00,14.2
10/21/20,09:00,13.9
10/21/20,08:00,14
10/21/20,07:00,14.2
10/21/20,06:00,14.3
10/21/20,05:00,14.4
10/21/20,04:00,14.5
10/21/20,03:00,14.6
10/21/20,02:00,14.9
10/21/20,01:00,15.1
10/21/20,00:00,15.1
10/23/20,00:00,12.5
10/22/20,23:00,12.8
10/22/20,22:00,12.6
10/22/20,21:00,13.1
10/22/20,20:00,12.8
10/22/20,19:00,12.9
10/22/20,18:00,13.5
10/22/20,17:00,14.7
10/22/20,16:00,15.5
10/22/20,15:00,16.3
10/22/20,14:00,17.4
10/22/20,13:00,17.8
10/22/20,12:00,17.1
10/22/20,11:00,14.7
10/22/20,10:00,14.1
10/22/20,09:00,14
10/22/20,08:00,13.1
10/22/20,07:00,12.6
10/22/20,06:00,12.9
10/22/20,05:00,12.9
10/22/20,04:00,12.2
10/22/20,03:00,11.5
10/22/20,02:00,12
10/22/20,01:00,12.6
10/22/20,00:00,12
10/24/20,00:00,12.4
10/23/20,23:00,12
10/23/20,22:00,11.7
10/23/20,21:00,12.2
10/23/20,20:00,11.8
10/23/20,19:00,11.7
10/23/20,18:00,11.9
10/23/20,17:00,12.4
10/23/20,16:00,12.7
10/23/20,15:00,12
10/23/20,14:00,13.2
10/23/20,13:00,14.1
10/23/20,12:00,14.1
10/23/20,11:00,13.6
10/23/20,10:00,13.5
10/23/20,09:00,12.5
10/23/20,08:00,11.8
10/23/20,07:00,12.5
10/23/20,06:00,13
10/23/20,05:00,13.5
10/23/20,04:00,13.2
10/23/20,03:00,12.8
10/23/20,02:00,12.9
10/23/20,01:00,12.9
10/23/20,00:00,12.5
10/25/20,00:00,11.2
10/24/20,23:00,11.1
10/24/20,22:00,11.6
10/24/20,21:00,11.9
10/24/20,20:00,11.4
10/24/20,19:00,11.3
10/24/20,18:00,13
10/24/20,17:00,12.8
10/24/20,16:00,13.4
10/24/20,15:00,13.9
10/24/20,14:00,15.7
10/24/20,13:00,15.4
10/24/20,12:00,15.5
10/24/20,11:00,15
10/24/20,10:00,15.1
10/24/20,09:00,14.9
10/24/20,08:00,13.8
10/24/20,07:00,13.7
10/24/20,06:00,13.6
10/24/20,05:00,13
10/24/20,04:00,13
10/24/20,03:00,13.2
10/24/20,02:00,12.9
10/24/20,01:00,12.5
10/24/20,00:00,12.4
10/26/20,00:00,8.7
10/25/20,23:00,8.8
10/25/20,22:00,8.2
10/25/20,21:00,8.5
10/25/20,20:00,8.5
10/25/20,19:00,8.7
10/25/20,18:00,9.7
10/25/20,17:00,10.8
10/25/20,16:00,12.2
10/25/20,15:00,12.3
10/25/20,14:00,13
10/25/20,13:00,13.3
10/25/20,12:00,12.5
10/25/20,11:00,12.8
10/25/20,10:00,12.8
10/25/20,09:00,12.1
10/25/20,08:00,10.6
10/25/20,07:00,9.3
10/25/20,06:00,11.1
10/25/20,05:00,10.9
10/25/20,04:00,11
10/25/20,03:00,11.3
10/25/20,02:00,11.9
10/25/20,01:00,11.7
10/25/20,00:00,11.2
10/27/20,00:00,9.6
10/26/20,23:00,9.6
10/26/20,22:00,9.7
10/26/20,21:00,9.2
10/26/20,20:00,8.9
10/26/20,19:00,8.9
10/26/20,18:00,9.9
10/26/20,17:00,10.8
10/26/20,16:00,12.2
10/26/20,15:00,12.3
10/26/20,14:00,12.2
10/26/20,13:00,13.3
10/26/20,12:00,10.6
10/26/20,11:00,10.9
10/26/20,10:00,12.7
10/26/20,09:00,12
10/26/20,08:00,10.6
10/26/20,07:00,9.1
10/26/20,06:00,9.2
10/26/20,05:00,9
10/26/20,04:00,10.4
10/26/20,03:00,9.4
10/26/20,02:00,9.1
10/26/20,01:00,8.6
10/26/20,00:00,8.7
10/28/20,00:00,11.7
10/27/20,23:00,11.9
10/27/20,22:00,11.4
10/27/20,21:00,10.9
10/27/20,20:00,11.2
10/27/20,19:00,11.1
10/27/20,18:00,11
10/27/20,17:00,12.5
10/27/20,16:00,13.3
10/27/20,15:00,14.3
10/27/20,14:00,13.8
10/27/20,13:00,14.4
10/27/20,12:00,14.1
10/27/20,11:00,14.7
10/27/20,10:00,14.4
10/27/20,09:00,13.9
10/27/20,08:00,12.8
10/27/20,07:00,11.7
10/27/20,06:00,11.1
10/27/20,05:00,10.6
10/27/20,04:00,10
10/27/20,03:00,10.3
10/27/20,02:00,11
10/27/20,01:00,10.6
10/27/20,00:00,9.6
10/29/20,00:00,12
10/28/20,23:00,11.6
10/28/20,22:00,11.9
10/28/20,21:00,11.8
10/28/20,20:00,12.2
10/28/20,19:00,12.7
10/28/20,18:00,12.8
10/28/20,17:00,12.7
10/28/20,16:00,13.1
10/28/20,15:00,13.5
10/28/20,14:00,13.6
10/28/20,13:00,13.9
10/28/20,12:00,13.9
10/28/20,11:00,13.1
10/28/20,10:00,12.9
10/28/20,09:00,12.6
10/28/20,08:00,12.5
10/28/20,07:00,12.3
10/28/20,06:00,11.7
10/28/20,05:00,11.4
10/28/20,04:00,11.4
10/28/20,03:00,11.5
10/28/20,02:00,11
10/28/20,01:00,11.8
10/28/20,00:00,11.7
10/30/20,00:00,14
10/29/20,23:00,14.1
10/29/20,22:00,14
10/29/20,21:00,14
10/29/20,20:00,14.2
10/29/20,19:00,14.3
10/29/20,18:00,14.3
10/29/20,17:00,14.5
10/29/20,16:00,14.8
10/29/20,15:00,15
10/29/20,14:00,15.2
10/29/20,13:00,15
10/29/20,12:00,14.9
10/29/20,11:00,14.7
10/29/20,10:00,14.4
10/29/20,09:00,14
10/29/20,08:00,13.7
10/29/20,07:00,13.4
10/29/20,06:00,13.3
10/29/20,05:00,13.1
10/29/20,04:00,12.5
10/29/20,03:00,11.7
10/29/20,02:00,11.2
10/29/20,01:00,11.9
10/29/20,00:00,12
10/31/20,00:00,13.7
10/30/20,23:00,13.4
10/30/20,22:00,13.3
10/30/20,21:00,13.3
10/30/20,20:00,13.5
10/30/20,19:00,13.6
10/30/20,18:00,13.6
10/30/20,17:00,13.7
10/30/20,16:00,13.6
10/30/20,15:00,13.7
10/30/20,14:00,14
10/30/20,13:00,14.2
10/30/20,12:00,14.6
10/30/20,11:00,14.7
10/30/20,10:00,14.3
10/30/20,09:00,14
10/30/20,08:00,14
10/30/20,07:00,13.5
10/30/20,06:00,13.6
10/30/20,05:00,13.8
10/30/20,04:00,14.1
10/30/20,03:00,13.6
10/30/20,02:00,13.6
10/30/20,01:00,13.6
10/30/20,00:00,14
11/01/20,00:00,12
10/31/20,23:00,11.5
10/31/20,22:00,11.3
10/31/20,21:00,11.3
10/31/20,20:00,11.1
10/31/20,19:00,11.7
10/31/20,18:00,11.6
10/31/20,17:00,11.7
10/31/20,16:00,12.3
10/31/20,15:00,13
10/31/20,14:00,13.1
10/31/20,13:00,13.6
10/31/20,12:00,13.1
10/31/20,11:00,12.7
10/31/20,10:00,13.7
10/31/20,09:00,15
10/31/20,08:00,14.8
10/31/20,07:00,14.5
10/31/20,06:00,14.5
10/31/20,05:00,14.7
10/31/20,04:00,14.2
10/31/20,03:00,13.9
10/31/20,02:00,13.7
10/31/20,01:00,13.7
10/31/20,00:00,13.7
11/02/20,00:00,15.7
11/01/20,23:00,15.5
11/01/20,22:00,15.4
11/01/20,21:00,15.5
11/01/20,20:00,15.5
11/01/20,19:00,15.4
11/01/20,18:00,15.5
11/01/20,17:00,15.3
11/01/20,16:00,15.4
11/01/20,15:00,15.5
11/01/20,14:00,15.5
11/01/20,13:00,15.4
11/01/20,12:00,15.5
11/01/20,11:00,15.6
11/01/20,10:00,15.4
11/01/20,09:00,15.5
11/01/20,08:00,15.6
11/01/20,07:00,15.5
11/01/20,06:00,15.7
11/01/20,05:00,15.9
11/01/20,04:00,15.7
11/01/20,03:00,15
11/01/20,02:00,13.5
11/01/20,01:00,13.1
11/01/20,00:00,12
11/03/20,00:00,9.9
11/02/20,23:00,10.6
11/02/20,22:00,10.6
11/02/20,21:00,9.7
11/02/20,20:00,8.9
11/02/20,19:00,7.8
11/02/20,18:00,8.5
11/02/20,17:00,10.2
11/02/20,16:00,11.6
11/02/20,15:00,12.3
11/02/20,14:00,10.7
11/02/20,13:00,13.6
11/02/20,12:00,13.8
11/02/20,11:00,12.9
11/02/20,10:00,12.8
11/02/20,09:00,11.4
11/02/20,08:00,12.3
11/02/20,07:00,14.3
11/02/20,06:00,15.4
11/02/20,05:00,15.5
11/02/20,04:00,15.7
11/02/20,03:00,15.6
11/02/20,02:00,15.6
11/02/20,01:00,15.6
11/02/20,00:00,15.7
11/04/20,00:00,6
11/03/20,23:00,6.7
11/03/20,22:00,6.1
11/03/20,21:00,5.4
11/03/20,20:00,5.2
11/03/20,19:00,5
11/03/20,18:00,7.2
11/03/20,17:00,6.6
11/03/20,16:00,8.7
11/03/20,15:00,9.8
11/03/20,14:00,10.9
11/03/20,13:00,10.8
11/03/20,12:00,10.8
11/03/20,11:00,7.3
11/03/20,10:00,8.8
11/03/20,09:00,8
11/03/20,08:00,7.1
11/03/20,07:00,5.8
11/03/20,06:00,6
11/03/20,05:00,7.3
11/03/20,04:00,8.2
11/03/20,03:00,8.5
11/03/20,02:00,9.1
11/03/20,01:00,9.3
11/03/20,00:00,9.9
11/05/20,00:00,6
11/04/20,23:00,5.7
11/04/20,22:00,6.1
11/04/20,21:00,6.2
11/04/20,20:00,6.9
11/04/20,19:00,7.6
11/04/20,18:00,7.5
11/04/20,17:00,8.9
11/04/20,16:00,10.8
11/04/20,15:00,11.3
11/04/20,14:00,11.2
11/04/20,13:00,11.6
11/04/20,12:00,11.6
11/04/20,11:00,11.3
11/04/20,10:00,10.3
11/04/20,09:00,8.8
11/04/20,08:00,5.7
11/04/20,07:00,4.4
11/04/20,06:00,3
11/04/20,05:00,4.5
11/04/20,04:00,6.1
11/04/20,03:00,5.1
11/04/20,02:00,5.3
11/04/20,01:00,6.1
11/04/20,00:00,6
11/06/20,00:00,5.6
11/05/20,23:00,6.4
11/05/20,22:00,6.7
11/05/20,21:00,7.2
11/05/20,20:00,7.1
11/05/20,19:00,7
11/05/20,18:00,7.7
11/05/20,17:00,8.6
11/05/20,16:00,10.2
11/05/20,15:00,11.1
11/05/20,14:00,11.5
11/05/20,13:00,11.5
11/05/20,12:00,10.9
11/05/20,11:00,10.2
11/05/20,10:00,9
11/05/20,09:00,7.3
11/05/20,08:00,5.3
11/05/20,07:00,4.8
11/05/20,06:00,4.5
11/05/20,05:00,4.4
11/05/20,04:00,4.1
11/05/20,03:00,4.5
11/05/20,02:00,4.8
11/05/20,01:00,5.9
11/05/20,00:00,6
11/07/20,00:00,15.1
11/06/20,23:00,13.9
11/06/20,22:00,13
11/06/20,21:00,13
11/06/20,20:00,12.9
11/06/20,19:00,12.7
11/06/20,18:00,12.9
11/06/20,17:00,13.3
11/06/20,16:00,14.4
11/06/20,15:00,15.5
11/06/20,14:00,15.9
11/06/20,13:00,15.8
11/06/20,12:00,15.9
11/06/20,11:00,12.4
11/06/20,10:00,9.1
11/06/20,09:00,7.4
11/06/20,08:00,5.4
11/06/20,07:00,5.1
11/06/20,06:00,5.6
11/06/20,05:00,4.8
11/06/20,04:00,4.6
11/06/20,03:00,4.3
11/06/20,02:00,4.5
11/06/20,01:00,4.8
11/06/20,00:00,5.6
11/08/20,00:00,13.7
11/07/20,23:00,13.8
11/07/20,22:00,13.9
11/07/20,21:00,13.9
11/07/20,20:00,14.1
11/07/20,19:00,14.4
11/07/20,18:00,14.5
11/07/20,17:00,14.4
11/07/20,16:00,14.5
11/07/20,15:00,14.9
11/07/20,14:00,15.5
11/07/20,13:00,16.1
11/07/20,12:00,15.6
11/07/20,11:00,15.1
11/07/20,10:00,14.4
11/07/20,09:00,13.8
11/07/20,08:00,13.6
11/07/20,07:00,13.6
11/07/20,06:00,13.6
11/07/20,05:00,13.4
11/07/20,04:00,13.6
11/07/20,03:00,13.7
11/07/20,02:00,13.8
11/07/20,01:00,14.4
11/07/20,00:00,15.1
11/09/20,00:00,13.3
11/08/20,23:00,13.6
11/08/20,22:00,13.6
11/08/20,21:00,13.9
11/08/20,20:00,14.2
11/08/20,19:00,14.2
11/08/20,18:00,14.6
11/08/20,17:00,15.1
11/08/20,16:00,15.7
11/08/20,15:00,17
11/08/20,14:00,17.3
11/08/20,13:00,17.7
11/08/20,12:00,17.5
11/08/20,11:00,16.3
11/08/20,10:00,14.2
11/08/20,09:00,13
11/08/20,08:00,12.5
11/08/20,07:00,12.1
11/08/20,06:00,12.6
11/08/20,05:00,12.5
11/08/20,04:00,12.4
11/08/20,03:00,12.8
11/08/20,02:00,12.9
11/08/20,01:00,13.6
11/08/20,00:00,13.7
11/10/20,00:00,11.7
11/09/20,23:00,12.5
11/09/20,22:00,12.7
11/09/20,21:00,12.6
11/09/20,20:00,12.7
11/09/20,19:00,12.8
11/09/20,18:00,13
11/09/20,17:00,13.2
11/09/20,16:00,13.8
11/09/20,15:00,14.7
11/09/20,14:00,14.4
11/09/20,13:00,14.3
11/09/20,12:00,13.5
11/09/20,11:00,14.5
11/09/20,10:00,14.1
11/09/20,09:00,13.1
11/09/20,08:00,13.4
11/09/20,07:00,12.9
11/09/20,06:00,12.8
11/09/20,05:00,12.8
11/09/20,04:00,12.9
11/09/20,03:00,13.1
11/09/20,02:00,13.3
11/09/20,01:00,13.4
11/09/20,00:00,13.3
11/11/20,00:00,11.6
11/10/20,23:00,11.1
11/10/20,22:00,10.4
11/10/20,21:00,10.2
11/10/20,20:00,10.3
11/10/20,19:00,10.8
11/10/20,18:00,11
11/10/20,17:00,12.1
11/10/20,16:00,12.7
11/10/20,15:00,13.2
11/10/20,14:00,13.7
11/10/20,13:00,14.9
11/10/20,12:00,14.1
11/10/20,11:00,15.1
11/10/20,10:00,13
11/10/20,09:00,12.5
11/10/20,08:00,12
11/10/20,07:00,11.8
11/10/20,06:00,11.2
11/10/20,05:00,11.1
11/10/20,04:00,11.1
11/10/20,03:00,11.3
11/10/20,02:00,11.8
11/10/20,01:00,11.9
11/10/20,00:00,11.7
11/12/20,00:00,9.9
11/11/20,23:00,10
11/11/20,22:00,10.6
11/11/20,21:00,10.2
11/11/20,20:00,11
11/11/20,19:00,11.7
11/11/20,18:00,13.2
11/11/20,17:00,12.8
11/11/20,16:00,13.7
11/11/20,15:00,14.4
11/11/20,14:00,14.7
11/11/20,13:00,14.6
11/11/20,12:00,14.5
11/11/20,11:00,14.1
11/11/20,10:00,13.7
11/11/20,09:00,13.3
11/11/20,08:00,12.8
11/11/20,07:00,12.4
11/11/20,06:00,12.3
11/11/20,05:00,12.3
11/11/20,04:00,12.3
11/11/20,03:00,12.3
11/11/20,02:00,12.3
11/11/20,01:00,12.1
11/11/20,00:00,11.6
11/13/20,00:00,12.9
11/12/20,23:00,12.7
11/12/20,22:00,11.1
11/12/20,21:00,10.9
11/12/20,20:00,10.7
11/12/20,19:00,11.6
11/12/20,18:00,11.7
11/12/20,17:00,12.2
11/12/20,16:00,12.6
11/12/20,15:00,13.5
11/12/20,14:00,13.9
11/12/20,13:00,14.1
11/12/20,12:00,14.1
11/12/20,11:00,13.7
11/12/20,10:00,13.1
11/12/20,09:00,11.6
11/12/20,08:00,8.8
11/12/20,07:00,8.7
11/12/20,06:00,8.6
11/12/20,05:00,8.4
11/12/20,04:00,8.5
11/12/20,03:00,9
11/12/20,02:00,7.6
11/12/20,01:00,8.1
11/12/20,00:00,9.9
11/14/20,00:00,13.9
11/13/20,23:00,13.9
11/13/20,22:00,13.8
11/13/20,21:00,12.6
11/13/20,20:00,11
11/13/20,19:00,10.6
11/13/20,18:00,11.4
11/13/20,17:00,12
11/13/20,16:00,12.1
11/13/20,15:00,12.5
11/13/20,14:00,13
11/13/20,13:00,13.6
11/13/20,12:00,13.3
11/13/20,11:00,12.1
11/13/20,10:00,11.7
11/13/20,09:00,11.6
11/13/20,08:00,11.1
11/13/20,07:00,11.3
11/13/20,06:00,12.4
11/13/20,05:00,12.7
11/13/20,04:00,12.8
11/13/20,03:00,12.7
11/13/20,02:00,12.4
11/13/20,01:00,12.6
11/13/20,00:00,12.9
11/15/20,00:00,13.5
11/14/20,23:00,13.5
11/14/20,22:00,14.1
11/14/20,21:00,13.6
11/14/20,20:00,13.4
11/14/20,19:00,13.9
11/14/20,18:00,13.5
11/14/20,17:00,14.2
11/14/20,16:00,14.3
11/14/20,15:00,14.3
11/14/20,14:00,14.9
11/14/20,13:00,14.6
11/14/20,12:00,14.2
11/14/20,11:00,14.2
11/14/20,10:00,14.9
11/14/20,09:00,15.1
11/14/20,08:00,14.9
11/14/20,07:00,14.9
11/14/20,06:00,14.7
11/14/20,05:00,13.9
11/14/20,04:00,14.7
11/14/20,03:00,14.5
11/14/20,02:00,14.2
11/14/20,01:00,14.2
11/14/20,00:00,13.9
11/16/20,00:00,11
11/15/20,23:00,11.5
11/15/20,22:00,10.4
11/15/20,21:00,11
11/15/20,20:00,11.8
11/15/20,19:00,11.5
11/15/20,18:00,11.6
11/15/20,17:00,11.6
11/15/20,16:00,12.1
11/15/20,15:00,12
11/15/20,14:00,12.2
11/15/20,13:00,11.8
11/15/20,12:00,11.4
11/15/20,11:00,10.3
11/15/20,10:00,11.3
11/15/20,09:00,11
11/15/20,08:00,9.7
11/15/20,07:00,9.4
11/15/20,06:00,12.4
11/15/20,05:00,12.1
11/15/20,04:00,12
11/15/20,03:00,12
11/15/20,02:00,13.3
11/15/20,01:00,13.9
11/15/20,00:00,13.5
11/17/20,00:00,12.9
11/16/20,23:00,12.9
11/16/20,22:00,13
11/16/20,21:00,13
11/16/20,20:00,12.9
11/16/20,19:00,12.7
11/16/20,18:00,12.7
11/16/20,17:00,12.8
11/16/20,16:00,12.9
11/16/20,15:00,13
11/16/20,14:00,13
11/16/20,13:00,13.1
11/16/20,12:00,12.7
11/16/20,11:00,12.7
11/16/20,10:00,12.3
11/16/20,09:00,11.2
11/16/20,08:00,10.1
11/16/20,07:00,9.8
11/16/20,06:00,9.3
11/16/20,05:00,10.4
11/16/20,04:00,9.5
11/16/20,03:00,10.6
11/16/20,02:00,10.9
11/16/20,01:00,10.7
11/16/20,00:00,11
11/18/20,00:00,11.9
11/17/20,23:00,12
11/17/20,22:00,11.9
11/17/20,21:00,12
11/17/20,20:00,12.3
11/17/20,19:00,12.4
11/17/20,18:00,12.9
11/17/20,17:00,13.1
11/17/20,16:00,13.4
11/17/20,15:00,14.1
11/17/20,14:00,13.9
11/17/20,13:00,13.9
11/17/20,12:00,13.9
11/17/20,11:00,14
11/17/20,10:00,13.5
11/17/20,09:00,13.1
11/17/20,08:00,12.9
11/17/20,07:00,12.8
11/17/20,06:00,12.8
11/17/20,05:00,12.9
11/17/20,04:00,13
11/17/20,03:00,13
11/17/20,02:00,13
11/17/20,01:00,12.9
11/17/20,00:00,12.9
11/19/20,00:00,8
11/18/20,23:00,8.4
11/18/20,22:00,8
11/18/20,21:00,8.2
11/18/20,20:00,8.4
11/18/20,19:00,9.1
11/18/20,18:00,10.6
11/18/20,17:00,10.9
11/18/20,16:00,10.6
11/18/20,15:00,11.1
11/18/20,14:00,14.8
11/18/20,13:00,14.7
11/18/20,12:00,14.8
11/18/20,11:00,14.6
11/18/20,10:00,14.4
11/18/20,09:00,14.2
11/18/20,08:00,13.5
11/18/20,07:00,13.3
11/18/20,06:00,13.1
11/18/20,05:00,13.2
11/18/20,04:00,12.9
11/18/20,03:00,12.5
11/18/20,02:00,12.2
11/18/20,01:00,12.1
11/18/20,00:00,11.9
11/20/20,00:00,5.7
11/19/20,23:00,7.1
11/19/20,22:00,6.6
11/19/20,21:00,6.9
11/19/20,20:00,7.3
11/19/20,19:00,7.7
11/19/20,18:00,7.3
11/19/20,17:00,8.2
11/19/20,16:00,9.7
11/19/20,15:00,10.7
11/19/20,14:00,11.7
11/19/20,13:00,12
11/19/20,12:00,11.3
11/19/20,11:00,11.1
11/19/20,10:00,10.7
11/19/20,09:00,10.5
11/19/20,08:00,9.7
11/19/20,07:00,9.6
11/19/20,06:00,9.6
11/19/20,05:00,10
11/19/20,04:00,8.4
11/19/20,03:00,8.4
11/19/20,02:00,8
11/19/20,01:00,8.1
11/19/20,00:00,8
11/21/20,00:00,10.9
11/20/20,23:00,10.6
11/20/20,22:00,10.9
11/20/20,21:00,10.9
11/20/20,20:00,10.8
11/20/20,19:00,10.8
11/20/20,18:00,10.5
11/20/20,17:00,10.6
11/20/20,16:00,11.1
11/20/20,15:00,11.8
11/20/20,14:00,11.9
11/20/20,13:00,11.6
11/20/20,12:00,11
11/20/20,11:00,9.9
11/20/20,10:00,9.2
11/20/20,09:00,8.5
11/20/20,08:00,7.1
11/20/20,07:00,6.5
11/20/20,06:00,6.6
11/20/20,05:00,5.8
11/20/20,04:00,4.8
11/20/20,03:00,5.1
11/20/20,02:00,4.3
11/20/20,01:00,5.6
11/20/20,00:00,5.7
11/22/20,00:00,9.9
11/21/20,23:00,9.9
11/21/20,22:00,9.9
11/21/20,21:00,10
11/21/20,20:00,10.4
11/21/20,19:00,10.4
11/21/20,18:00,10.6
11/21/20,17:00,10.9
11/21/20,16:00,11.9
11/21/20,15:00,12.4
11/21/20,14:00,12.7
11/21/20,13:00,12.5
11/21/20,12:00,12.5
11/21/20,11:00,12.7
11/21/20,10:00,12.5
11/21/20,09:00,11.5
11/21/20,08:00,11.4
11/21/20,07:00,11.3
11/21/20,06:00,11
11/21/20,05:00,11.1
11/21/20,04:00,10.9
11/21/20,03:00,10.9
11/21/20,02:00,11
11/21/20,01:00,11.1
11/21/20,00:00,10.9
11/23/20,00:00,10.2
11/22/20,23:00,11
11/22/20,22:00,11.1
11/22/20,21:00,11
11/22/20,20:00,10.9
11/22/20,19:00,11.2
11/22/20,18:00,11.5
11/22/20,17:00,11.6
11/22/20,16:00,11.6
11/22/20,15:00,11.7
11/22/20,14:00,12.1
11/22/20,13:00,11.6
11/22/20,12:00,10.7
11/22/20,11:00,10.9
11/22/20,10:00,10.3
11/22/20,09:00,9.7
11/22/20,08:00,8.5
11/22/20,07:00,8.5
11/22/20,06:00,8.5
11/22/20,05:00,8.8
11/22/20,04:00,9.5
11/22/20,03:00,9.2
11/22/20,02:00,9.4
11/22/20,01:00,9.9
11/22/20,00:00,9.9
11/24/20,00:00,8.7
11/23/20,23:00,8.9
11/23/20,22:00,9
11/23/20,21:00,9.4
11/23/20,20:00,9.6
11/23/20,19:00,9.8
11/23/20,18:00,10.5
11/23/20,17:00,11.1
11/23/20,16:00,11.7
11/23/20,15:00,11.8
11/23/20,14:00,12.1
11/23/20,13:00,12
11/23/20,12:00,11.9
11/23/20,11:00,11.2
11/23/20,10:00,11
11/23/20,09:00,10.5
11/23/20,08:00,9.8
11/23/20,07:00,9.1
11/23/20,06:00,9.6
11/23/20,05:00,10
11/23/20,04:00,10.3
11/23/20,03:00,10.2
11/23/20,02:00,10
11/23/20,01:00,10
11/23/20,00:00,10.2
11/25/20,00:00,13.2
11/24/20,23:00,12.9
11/24/20,22:00,12.9
11/24/20,21:00,12.4
11/24/20,20:00,12.1
11/24/20,19:00,12.1
11/24/20,18:00,11.9
11/24/20,17:00,12.4
11/24/20,16:00,12.8
11/24/20,15:00,14
11/24/20,14:00,13.3
11/24/20,13:00,13.4
11/24/20,12:00,13.5
11/24/20,11:00,14.3
11/24/20,10:00,11.1
11/24/20,09:00,10.1
11/24/20,08:00,9.5
11/24/20,07:00,9.2
11/24/20,06:00,9
11/24/20,05:00,8.7
11/24/20,04:00,8.2
11/24/20,03:00,8.1
11/24/20,02:00,8.3
11/24/20,01:00,8.6
11/24/20,00:00,8.7
11/26/20,00:00,9.4
11/25/20,23:00,9.1
11/25/20,22:00,9.5
11/25/20,21:00,9.7
11/25/20,20:00,9.5
11/25/20,19:00,9.6
11/25/20,18:00,9.4
11/25/20,17:00,9.4
11/25/20,16:00,9.6
11/25/20,15:00,9.7
11/25/20,14:00,9.5
11/25/20,13:00,9.3
11/25/20,12:00,9.1
11/25/20,11:00,9.4
11/25/20,10:00,9.2
11/25/20,09:00,9.5
11/25/20,08:00,9.2
11/25/20,07:00,9.2
11/25/20,06:00,9.4
11/25/20,05:00,9.6
11/25/20,04:00,9.8
11/25/20,03:00,10.3
11/25/20,02:00,13.3
11/25/20,01:00,13.2
11/25/20,00:00,13.2
11/27/20,00:00,9.2
11/26/20,23:00,9
11/26/20,22:00,9
11/26/20,21:00,8.8
11/26/20,20:00,9.2
11/26/20,19:00,10
11/26/20,18:00,10.5
11/26/20,17:00,10.9
11/26/20,16:00,11.1
11/26/20,15:00,12.2
11/26/20,14:00,11.6
11/26/20,13:00,11.1
11/26/20,12:00,10.5
11/26/20,11:00,10.8
11/26/20,10:00,10.1
11/26/20,09:00,9.6
11/26/20,08:00,10
11/26/20,07:00,10.3
11/26/20,06:00,10.3
11/26/20,05:00,10.2
11/26/20,04:00,10
11/26/20,03:00,9.9
11/26/20,02:00,9.5
11/26/20,01:00,9.3
11/26/20,00:00,9.4
11/28/20,00:00,11.2
11/27/20,23:00,11
11/27/20,22:00,10.9
11/27/20,21:00,11
11/27/20,20:00,10.3
11/27/20,19:00,10.5
11/27/20,18:00,10.8
11/27/20,17:00,10.8
11/27/20,16:00,11.4
11/27/20,15:00,11.9
11/27/20,14:00,11.8
11/27/20,13:00,11.4
11/27/20,12:00,11
11/27/20,11:00,11.1
11/27/20,10:00,10.1
11/27/20,09:00,9.3
11/27/20,08:00,9.2
11/27/20,07:00,9.3
11/27/20,06:00,9.8
11/27/20,05:00,9.4
11/27/20,04:00,9.5
11/27/20,03:00,9.5
11/27/20,02:00,9.2
11/27/20,01:00,9.2
11/27/20,00:00,9.2
11/29/20,00:00,7.6
11/28/20,23:00,9.8
11/28/20,22:00,10.4
11/28/20,21:00,10.3
11/28/20,20:00,10.6
11/28/20,19:00,11.1
11/28/20,18:00,11.8
11/28/20,17:00,12.6
11/28/20,16:00,14.5
11/28/20,15:00,15.6
11/28/20,14:00,16.3
11/28/20,13:00,16.3
11/28/20,12:00,16.2
11/28/20,11:00,15.2
11/28/20,10:00,13.7
11/28/20,09:00,12.3
11/28/20,08:00,11.1
11/28/20,07:00,12
11/28/20,06:00,12.7
11/28/20,05:00,12.2
11/28/20,04:00,11.5
11/28/20,03:00,10.8
11/28/20,02:00,10.6
11/28/20,01:00,10.9
11/28/20,00:00,11.2
11/30/20,00:00,6.5
11/29/20,23:00,7.4
11/29/20,22:00,7.6
11/29/20,21:00,8.2
11/29/20,20:00,8.6
11/29/20,19:00,9.1
11/29/20,18:00,9.5
11/29/20,17:00,9.7
11/29/20,16:00,11.4
11/29/20,15:00,13.1
11/29/20,14:00,13.8
11/29/20,13:00,13.6
11/29/20,12:00,13
11/29/20,11:00,11.9
11/29/20,10:00,9.7
11/29/20,09:00,7.5
11/29/20,08:00,6.5
11/29/20,07:00,7.2
11/29/20,06:00,7.7
11/29/20,05:00,6.9
11/29/20,04:00,6.8
11/29/20,03:00,7.6
11/29/20,02:00,8.3
11/29/20,01:00,9
11/29/20,00:00,7.6
